{
  "POST /api/auth/login - Credenciales correctas" : {
    "transaction" : "POST /api/auth/login - Credenciales correctas",
    "sampleCount" : 600,
    "errorCount" : 600,
    "errorPct" : 100.0,
    "meanResTime" : 14.65166666666666,
    "medianResTime" : 9.5,
    "minResTime" : 2.0,
    "maxResTime" : 381.0,
    "pct1ResTime" : 30.0,
    "pct2ResTime" : 35.0,
    "pct3ResTime" : 61.98000000000002,
    "throughput" : 61.98987498708544,
    "receivedKBytesPerSec" : 28.210236078107243,
    "sentKBytesPerSec" : 14.105118039053622
  },
  "GET /api/coches (Throughput)" : {
    "transaction" : "GET /api/coches (Throughput)",
    "sampleCount" : 34128,
    "errorCount" : 0,
    "errorPct" : 0.0,
    "meanResTime" : 4.016086497890274,
    "medianResTime" : 3.0,
    "minResTime" : 1.0,
    "maxResTime" : 328.0,
    "pct1ResTime" : 5.0,
    "pct2ResTime" : 5.0,
    "pct3ResTime" : 7.0,
    "throughput" : 1140.6035894522242,
    "receivedKBytesPerSec" : 859.5873103861001,
    "sentKBytesPerSec" : 141.4615779887036
  },
  "Total" : {
    "transaction" : "Total",
    "sampleCount" : 35228,
    "errorCount" : 1100,
    "errorPct" : 3.1225162,
    "meanResTime" : 5.547064834790493,
    "medianResTime" : 3.0,
    "minResTime" : 1.0,
    "maxResTime" : 625.0,
    "pct1ResTime" : 5.0,
    "pct2ResTime" : 5.0,
    "pct3ResTime" : 7.0,
    "throughput" : 1177.3670666087364,
    "receivedKBytesPerSec" : 876.6700553645433,
    "sentKBytesPerSec" : 149.45463157147154
  },
  "POST /api/auth/login - Credenciales incorrectas" : {
    "transaction" : "POST /api/auth/login - Credenciales incorrectas",
    "sampleCount" : 100,
    "errorCount" : 100,
    "errorPct" : 100.0,
    "meanResTime" : 221.23,
    "medianResTime" : 212.0,
    "minResTime" : 152.0,
    "maxResTime" : 625.0,
    "pct1ResTime" : 264.8,
    "pct2ResTime" : 274.74999999999994,
    "pct3ResTime" : 622.1999999999986,
    "throughput" : 15.956598053295037,
    "receivedKBytesPerSec" : 7.2614987234721555,
    "sentKBytesPerSec" : 3.973566898037338
  },
  "2. GET /api/coches (con JWT)" : {
    "transaction" : "2. GET /api/coches (con JWT)",
    "sampleCount" : 200,
    "errorCount" : 200,
    "errorPct" : 100.0,
    "meanResTime" : 117.30500000000002,
    "medianResTime" : 116.0,
    "minResTime" : 12.0,
    "maxResTime" : 260.0,
    "pct1ResTime" : 208.8,
    "pct2ResTime" : 228.95,
    "pct3ResTime" : 254.99,
    "throughput" : 33.129037601457675,
    "receivedKBytesPerSec" : 16.82333940699023,
    "sentKBytesPerSec" : 5.33817500414113
  },
  "1. POST /api/auth/login (obtener JWT)" : {
    "transaction" : "1. POST /api/auth/login (obtener JWT)",
    "sampleCount" : 200,
    "errorCount" : 200,
    "errorPct" : 100.0,
    "meanResTime" : 19.880000000000006,
    "medianResTime" : 13.5,
    "minResTime" : 3.0,
    "maxResTime" : 381.0,
    "pct1ResTime" : 32.900000000000006,
    "pct2ResTime" : 43.74999999999994,
    "pct3ResTime" : 138.96000000000004,
    "throughput" : 31.002945279801583,
    "receivedKBytesPerSec" : 14.108762207409704,
    "sentKBytesPerSec" : 7.054381103704852
  }
}